INSERT INTO person (id,phone_number,name,address,personal_number)
VALUES
  (1,'1-720-643-3144','Linda Macdonald','Ap #822-530 Magna. St.',100000000000),
  (2,'(206) 251-5085','Alma Swanson','P.O. Box 380, 2427 Adipiscing Ave',100000000001),
  (3,'(881) 431-7818','Guy Wright','798-5027 Arcu. Rd.',100000000002),
  (4,'(755) 751-4734','Octavius Gibson','606-2144 Elit, Street',100000000003),
  (5,'1-899-887-8765','Levi Estrada','P.O. Box 166, 747 Consequat Road',100000000004),
  (6,'(120) 778-3878','Yen Dalton','545 Mauris St.',100000000005),
  (7,'1-625-826-0374','Angelica Preston','Ap #906-5010 Erat, Ave',100000000006),
  (8,'(780) 433-4661','Arden Battle','Ap #379-446 Proin Street',100000000007),
  (9,'1-234-449-7411','Griffith Mercer','P.O. Box 149, 7908 Neque Road',100000000008),
  (10,'1-632-831-1789','Sierra Moreno','907-7172 Bibendum Avenue',100000000009),
  (11,'(186) 318-6175','Mikayla Burke','263-3420 Sed Avenue',100000000010),
  (12,'1-113-662-4293','Talon Medina','906-4543 Mauris St.',100000000011),
  (13,'1-743-414-6543','William Burch','7225 Nisl St.',100000000012),
  (14,'(683) 755-7262','Yardley Cabrera','Ap #269-3480 Donec Avenue',100000000013),
  (15,'(733) 861-9817','Hu Bolton','Ap #152-2942 Nulla Rd.',100000000014),
  (16,'(182) 457-8877','Orli Vance','P.O. Box 683, 9042 Mollis Rd.',100000000015),
  (17,'(943) 245-6814','Minerva Shepard','2825 Sem, Rd.',100000000016),
  (18,'(672) 648-4267','Jin Robertson','551-6075 Tristique Ave',100000000017),
  (19,'(711) 565-7078','Calvin England','Ap #387-6170 Pede, Rd.',100000000018),
  (20,'1-316-448-3678','Peter Nicholson','345-2067 Orci. Street',100000000019),
  (21,'1-578-289-3832','Anastasia Sullivan','677-3645 Cursus. Avenue',100000000020),
  (22,'1-581-553-1248','Brian Rodgers','258-4799 Tempus Avenue',100000000021),
  (23,'1-221-475-8255','Geraldine Buck','7762 Tempus Av.',100000000022),
  (24,'(331) 716-7712','Camilla O''brien','213-4503 Dictum Avenue',100000000023),
  (25,'1-752-941-0615','Aretha Carpenter','452-2053 Lobortis, Ave',100000000024),
  (26,'1-848-481-4288','Chantale Cochran','Ap #706-8122 Nulla Ave',100000000025),
  (27,'1-516-464-6512','Erich Pierce','403-3186 Felis Road',100000000026),
  (28,'1-496-361-1371','Lunea Christian','3334 Nunc Rd.',100000000027),
  (29,'1-333-538-7913','Pandora Norris','Ap #761-2492 Gravida Road',100000000028),
  (30,'1-342-302-9832','TaShya Mcdonald','324-7452 Enim. St.',100000000029),
  (31,'(611) 916-6523','Driscoll Thomas','P.O. Box 303, 2178 Nonummy. St.',100000000030),
  (32,'(523) 288-1440','Clio Acevedo','P.O. Box 855, 2516 Magnis Street',100000000031),
  (33,'1-139-164-1047','Regina Fulton','7681 Duis Av.',100000000032),
  (34,'(284) 976-8701','Caleb Hughes','Ap #936-618 Lacus Ave',100000000033),
  (35,'1-881-292-4410','Britanni Johnson','P.O. Box 903, 5097 Egestas, Road',100000000034),
  (36,'1-568-311-0656','Dane Gomez','P.O. Box 376, 6152 Dictum Street',100000000035),
  (37,'1-825-321-2764','Scott Compton','428-7112 Ipsum. Rd.',100000000036),
  (38,'1-781-740-1102','Gage Lyons','976-8874 Ornare Rd.',100000000037),
  (39,'1-722-131-1585','Kylynn Ross','312-5050 Nec Rd.',100000000038),
  (40,'1-589-280-8256','Irma Trujillo','368-845 Luctus. St.',100000000039),
  (41,'(547) 351-4661','Vernon Terry','996-3772 Dolor. St.',100000000040),
  (42,'(637) 681-2817','Lydia Delaney','Ap #782-1531 Congue Ave',100000000041),
  (43,'1-251-422-4648','Ava Fry','Ap #148-9173 Lorem, Av.',100000000042),
  (44,'1-914-177-8486','Daniel Battle','Ap #271-9786 Euismod St.',100000000043),
  (45,'1-839-471-6612','Hashim Albert','131-100 Quis St.',100000000044),
  (46,'(718) 710-1264','Kelly Cooley','123-9602 Augue Avenue',100000000045),
  (47,'1-246-812-1688','Ferdinand Clarke','Ap #834-832 Ridiculus Street',100000000046),
  (48,'1-428-965-5753','Chaney Little','4105 Dui Av.',100000000047),
  (49,'1-747-301-2501','Maggy Cochran','P.O. Box 938, 5294 Mi Road',100000000048),
  (50,'1-864-132-4797','Brendan Briggs','9519 Lorem Av.',100000000049),
  (51,'(999) 573-3172','Kadeem Myers','Ap #883-1649 Dictum Rd.',100000000050),
  (52,'(516) 621-1637','Imelda Clements','P.O. Box 659, 1889 Quis Street',100000000051),
  (53,'(364) 197-9417','Damian Joseph','Ap #721-877 In, Road',100000000052),
  (54,'(325) 695-6256','Kai Bentley','882-2209 Pede. Ave',100000000053),
  (55,'(974) 146-2317','Ulysses Slater','784-9144 Sagittis Av.',100000000054),
  (56,'1-990-840-5300','Willow Holmes','969-5495 Nisi. Rd.',100000000055),
  (57,'(891) 732-5852','Summer Stone','Ap #253-2567 Porttitor Rd.',100000000056),
  (58,'1-864-996-7686','Randall Castaneda','670-6608 Magna. Av.',100000000057),
  (59,'1-342-246-6099','Juliet Medina','715-8661 Penatibus Ave',100000000058),
  (60,'(827) 250-6242','Salvador Vang','Ap #967-6945 Libero Street',100000000059),
  (61,'1-452-795-3717','Kai Ray','783-1458 Erat Avenue',100000000060),
  (62,'1-741-267-1216','Aileen Daniel','P.O. Box 432, 2047 Nascetur Av.',100000000061),
  (63,'1-637-154-4104','Rinah Castro','8686 Est. Avenue',100000000062),
  (64,'(576) 365-2126','Amelia Patton','Ap #789-3282 Dictum Ave',100000000063),
  (65,'(935) 195-8812','August Peters','723-4653 Eu Rd.',100000000064),
  (66,'1-821-489-5337','Adria Flynn','Ap #125-6671 Duis Av.',100000000065),
  (67,'1-695-747-5506','Nevada Sandoval','6271 Erat Rd.',100000000066),
  (68,'(756) 686-1763','Camilla Erickson','P.O. Box 358, 1947 Nec Road',100000000067),
  (69,'(702) 712-8538','Mira Mcdaniel','P.O. Box 320, 5063 Parturient Street',100000000068),
  (70,'1-310-609-2836','Jared Benson','756-6964 Ullamcorper, Ave',100000000069),
  (71,'1-328-756-9077','Jakeem Henderson','187-1610 Diam Avenue',100000000070),
  (72,'(316) 781-3420','Ferdinand Vang','Ap #104-3992 Arcu Rd.',100000000071),
  (73,'1-358-348-8076','Dalton Hutchinson','Ap #802-8131 Nec St.',100000000072),
  (74,'(712) 579-5709','Vanna Underwood','P.O. Box 710, 1768 Arcu. Av.',100000000073),
  (75,'1-434-994-6880','Barrett Goff','873-2696 Nibh Av.',100000000074),
  (76,'(414) 785-1388','Evan Pollard','P.O. Box 377, 307 Amet Ave',100000000075),
  (77,'(371) 575-4095','Dorian Black','Ap #678-5913 Quisque Road',100000000076),
  (78,'1-847-488-2963','Colorado Harvey','904-3774 Natoque Av.',100000000077),
  (79,'1-310-242-7756','Veronica Boone','Ap #758-1743 Pharetra, St.',100000000078),
  (80,'(678) 277-1286','Rhea Chandler','Ap #522-1617 Vel, St.',100000000079),
  (81,'(935) 636-1252','Emma Craft','133-8308 Nascetur Av.',100000000080),
  (82,'(447) 412-3086','Evangeline Stevenson','Ap #484-3870 Orci, St.',100000000081),
  (83,'1-388-726-1614','Elizabeth Emerson','P.O. Box 407, 1145 Bibendum. Street',100000000082),
  (84,'(692) 237-6878','Blossom Cleveland','P.O. Box 490, 2496 Blandit St.',100000000083),
  (85,'1-233-745-6811','Kay Reeves','Ap #702-3713 Nec St.',100000000084),
  (86,'1-407-652-8875','Molly Norman','323-8154 Nibh St.',100000000085),
  (87,'(696) 744-6137','Molly Mccarthy','234-6034 Et Ave',100000000086),
  (88,'1-459-244-1256','Emily Burch','488-9946 Maecenas Av.',100000000087),
  (89,'1-448-716-8854','Karyn Erickson','Ap #337-4127 Risus Rd.',100000000088),
  (90,'(115) 276-6821','Oprah Blevins','164-801 A Avenue',100000000089),
  (91,'1-368-167-3317','Zahir Ward','3182 Justo St.',100000000090),
  (92,'1-982-666-2324','Brock Manning','Ap #770-1611 Ante, St.',100000000091),
  (93,'1-344-728-8334','Amos Knowles','P.O. Box 275, 7754 Tincidunt Rd.',100000000092),
  (94,'1-437-297-9883','Gage Arnold','Ap #145-6917 Cras Avenue',100000000093),
  (95,'1-626-587-6790','Kermit Osborn','Ap #803-358 Nisi Street',100000000094),
  (96,'(498) 612-8756','Ferdinand Greene','205-8079 Natoque Street',100000000095),
  (97,'1-245-585-2492','Porter Cantrell','102-3495 Nunc. Street',100000000096),
  (98,'(847) 871-8819','Harding Castro','Ap #985-6903 Euismod St.',100000000097),
  (99,'1-542-616-7721','Madeline Juarez','361-7024 Sem. Avenue',100000000098),
  (100,'(321) 538-7878','Brandon Roberson','801-795 Auctor St.',100000000099);

INSERT INTO inventory (id,brand,inventory_count,rented_count)
VALUES
  ('piano', 'sit', 2, 1),
  ('guitar','cursus', 0, 3),
  ('violin','vitae', 2, 1),
  ('bagpipe','adipiscing', 3, 0),
  ('ocarina','a,', 1, 2),
  ('trumpet','Sed', 2, 1),
  ('drums','orci.', 0, 3),
  ('saxophone','Proin', 3, 0);

INSERT INTO instrument (id,price,type,is_rented)
VALUES
  (1,4858, 'piano', 'false'),
  (2,1237, 'piano', 'false'),
  (3,2294, 'piano', 'true'),
  (4,1013, 'guitar', 'true'),
  (5,2579, 'guitar', 'true'),
  (6,3740, 'guitar', 'true'),
  (7,3799, 'violin', 'false'),
  (8,2162, 'violin', 'false'),
  (9,2313, 'violin', 'true'),
  (10,2043, 'bagpipe', 'false'),
  (11,1320, 'bagpipe', 'false'),
  (12,1275, 'bagpipe', 'false'),
  (13,2213, 'ocarina', 'true'),
  (14,2635, 'ocarina', 'true'),
  (15,2625, 'ocarina', 'false'),
  (16,4781, 'trumpet', 'true'),
  (17,957, 'trumpet', 'false'),
  (18,514, 'trumpet', 'false'),
  (19,3757, 'drums', 'true'),
  (20,1191, 'drums', 'true'),
  (21,976, 'drums', 'true'),
  (22,4636, 'saxophone', 'false'),
  (23,1002, 'saxophone', 'false'),
  (24,2588, 'saxophone', 'false');

INSERT INTO instructor (id,can_teach_ensemble,person_id,taught_instruments)
VALUES
  (1,true,1, 'piano,guitar'),
  (21,true,2, 'piano,trumpet,drums'),
  (41,false,3, 'piano,guitar,saxophone'),
  (61,true,4, 'piano,guitar,saxophone,ocarina'),
  (81,false,5, 'trumpet,guitar,ocarina,violin'),
  (101,false,6, 'piano,guitar,drums,ocarina'),
  (121,true,7, 'piano,guitar,drums,saxophone'),
  (141,true,8, 'piano'),
  (161,true,9, 'piano,drums,ocarina'),
  (181,false,10, 'piano,drums,violin'),
  (201,false,11, 'ocarina,violin'),
  (221,false,12, 'ocarina,drums,saxophone'),
  (241,true,13, 'bagpipe,drums,ocarina'),
  (261,false,14, 'piano,drums'),
  (281,true,15, 'guitar,drums,bagpipe'),
  (301,false,16, 'bagpipe,drums,piano'),
  (321,true,17, 'ocarina'),
  (341,true,18, 'drums,saxophone,violin'),
  (361,false,19, 'piano,violin,trumpet'),
  (381,false,20, 'bagpipe,saxophone,piano');

INSERT INTO instructor_availability (instructor_id,date,time,duration)
VALUES
  (1,'Aug 5, 2024','1:57:35',165),
  (21,'Feb 21, 2024','10:43:49',145),
  (41,'Jun 8, 2024','6:18:19',166),
  (61,'Oct 29, 2024','14:30:57',113),
  (81,'Nov 1, 2025','11:16:21',47),
  (101,'Apr 21, 2024','14:26:43',73),
  (121,'May 28, 2025','18:01:29',155),
  (101,'Feb 24, 2024','12:09:39',60),
  (101,'Oct 16, 2024','2:14:53',179),
  (141,'Feb 15, 2024','10:30:32',50),
  (161,'Feb 25, 2024','20:57:45',81),
  (181,'Jan 15, 2025','13:07:48',177),
  (201,'Nov 18, 2024','3:21:51',52),
  (221,'Feb 11, 2025','11:02:48',154),
  (241,'Aug 14, 2025','10:35:55',105),
  (261,'Dec 3, 2023','17:55:56',77),
  (281,'Jun 22, 2024','4:44:20',70),
  (301,'Nov 23, 2023','23:35:23',163),
  (321,'Jun 12, 2024','5:34:25',82),
  (341,'Jun 8, 2025','21:53:27',169),
  (361,'May 12, 2024','7:23:45',131),
  (381,'May 24, 2025','17:52:21',33),
  (61,'Apr 8, 2025','0:53:35',107),
  (101,'May 31, 2025','8:07:08',80),
  (1,'Feb 6, 2024','4:38:31',39),
  (1,'Nov 23, 2024','21:17:22',173),
  (241,'Feb 6, 2025','8:26:24',152),
  (381,'Dec 28, 2024','9:04:31',162),
  (381,'Jun 29, 2025','12:01:26',49),
  (381,'Apr 21, 2025','6:59:32',113),
  (161,'Jun 11, 2024','10:06:56',135),
  (301,'Jul 25, 2025','21:05:33',154),
  (301,'Jan 17, 2025','5:33:25',118),
  (121,'Oct 29, 2024','22:59:18',121),
  (261,'Jul 29, 2024','17:23:05',120),
  (21,'Jan 29, 2024','13:48:16',34),
  (21,'Aug 1, 2024','6:42:44',109),
  (81,'Jan 3, 2024','23:41:45',149),
  (341,'Jul 15, 2024','0:16:25',154),
  (121,'Jul 8, 2025','2:36:31',64);

INSERT INTO student (id,instrument_studied,sibling_id,skill_level,person_id)
VALUES
  (1,'drums',-1,'beginner',21),
  (2,'guitar',-1,'intermediate ',22),
  (3,'drums',-1,'intermediate ',23),
  (4,'ocarina',-1,'advanced',24),
  (5,'piano',81,'beginner',25),
  (6,'drums',-1,'intermediate ',26),
  (7,'trumpet',-1,'beginner',27),
  (8,'piano',-1,'intermediate ',28),
  (9,'ocarina',-1,'beginner',29),
  (10,'violin',28,'intermediate ',30),
  (11,'bagpipe',-1,'beginner',31),
  (12,'drums',-1,'advanced',32),
  (13,'drums',-1,'advanced',33),
  (14,'drums',-1,'advanced',34),
  (15,'bagpipe',-1,'beginner',35),
  (16,'drums',79,'advanced',36),
  (17,'trumpet',-1,'advanced',37),
  (18,'violin',-1,'advanced',38),
  (19,'trumpet',-1,'advanced',39),
  (20,'ocarina',81,'beginner',40),
  (21,'violin',-1,'beginner',41),
  (22,'violin',-1,'beginner',42),
  (23,'saxophone',-1,'advanced',43),
  (24,'guitar',-1,'beginner',44),
  (25,'violin',-1,'intermediate ',45),
  (26,'saxophone',-1,'beginner',46),
  (27,'ocarina',-1,'advanced',47),
  (28,'trumpet',-1,'beginner',48),
  (29,'drums',-1,'advanced',49),
  (30,'bagpipe',-1,'advanced',50),
  (31,'piano',-1,'intermediate ',51),
  (32,'violin',-1,'intermediate ',52),
  (33,'guitar',-1,'beginner',53),
  (34,'drums',-1,'intermediate ',54),
  (35,'piano',28,'advanced',55),
  (36,'bagpipe',-1,'intermediate ',56),
  (37,'ocarina',-1,'beginner',57),
  (38,'bagpipe',50,'advanced',58),
  (39,'guitar',-1,'beginner',59),
  (40,'saxophone',-1,'intermediate ',60),
  (41,'trumpet',-1,'beginner',61),
  (42,'ocarina',-1,'beginner',62),
  (43,'trumpet',-1,'beginner',63),
  (44,'piano',-1,'beginner',64),
  (45,'ocarina',-1,'advanced',65),
  (46,'saxophone',-1,'beginner',66),
  (47,'piano',-1,'intermediate ',67),
  (48,'violin',28,'intermediate ',68),
  (49,'guitar',50,'intermediate ',69),
  (50,'saxophone',-1,'beginner',70),
  (51,'bagpipe',-1,'intermediate ',71),
  (52,'ocarina',-1,'intermediate ',72),
  (53,'drums',-1,'intermediate ',73),
  (54,'saxophone',-1,'advanced',74),
  (55,'piano',-1,'advanced',75),
  (56,'drums',-1,'advanced',76),
  (57,'ocarina',-1,'beginner',77),
  (58,'piano',-1,'intermediate ',78),
  (59,'guitar',-1,'intermediate ',79),
  (60,'trumpet',-1,'intermediate ',80),
  (61,'guitar',3,'beginner',81),
  (62,'drums',3,'advanced',82),
  (63,'ocarina',-1,'beginner',83),
  (64,'guitar',-1,'advanced',84),
  (65,'violin',-1,'advanced',85),
  (66,'ocarina',-1,'intermediate ',86),
  (67,'trumpet',-1,'advanced',87),
  (68,'trumpet',-1,'advanced',88),
  (69,'saxophone',-1,'beginner',89),
  (70,'guitar',-1,'intermediate ',90),
  (71,'violin',79,'advanced',91),
  (72,'ocarina',-1,'beginner',92),
  (73,'piano',-1,'beginner',93),
  (74,'piano',3,'beginner',94),
  (75,'drums',-1,'beginner',95),
  (76,'drums',-1,'intermediate ',96),
  (77,'saxophone',-1,'intermediate ',97),
  (78,'saxophone',-1,'advanced',98),
  (79,'ocarina',-1,'beginner',99),
  (80,'piano',-1,'intermediate ',100);

INSERT INTO sibling_discount (amount,student_id)
VALUES
  (162,5),
  (162,20),
  (265,10),
  (265,35),
  (265,48),
  (73,16),
  (73,71),
  (92,38),
  (92,49),
  (226,61),
  (226,62),
  (226,74);

INSERT INTO rented_instrument (student_id,instrument_id)
VALUES
  (65,3),
  (1,4),
  (80,5),
  (21,6),
  (52,9),
  (77,13),
  (30,14),
  (38,16),
  (9,19),
  (65,20),
  (45,21);

INSERT INTO lesson (id,type,price,skill_level,instructor_id)
VALUES
  (1,'Individual_lesson',613,'advanced',1),
  (2,'group_lesson',697,'beginner',21),
  (3,'ensemble',307,'intermediate ',41),
  (4,'Individual_lesson',965,'beginner',61),
  (5,'Individual_lesson',792,'advanced',81),
  (6,'Individual_lesson',500,'advanced',101),
  (7,'ensemble',701,'advanced',121),
  (8,'Individual_lesson',588,'advanced',141),
  (9,'group_lesson',233,'intermediate ',161),
  (10,'Individual_lesson',146,'intermediate ',181),
  (11,'Individual_lesson',810,'advanced',201),
  (12,'Individual_lesson',433,'beginner',221),
  (13,'Individual_lesson',214,'intermediate ',241),
  (14,'group_lesson',353,'beginner',261),
  (15,'ensemble',722,'advanced',281),
  (16,'Individual_lesson',628,'advanced',301),
  (17,'Individual_lesson',631,'beginner',321),
  (18,'group_lesson',130,'advanced',341),
  (19,'ensemble',132,'beginner',361),
  (20,'Individual_lesson',839,'intermediate ',381);

INSERT INTO student_lesson_list (student_id,lesson_id)
VALUES
  (4,1),
  (1,2),
  (5,2),
  (7,2),
  (80,3),
  (25,3),
  (10,3),
  (31,3),
  (32,3),
  (15,4),
  (16,5),
  (4,6),
  (54,7),
  (67,7),
  (68,7),
  (78,7),
  (64,7),
  (65,8),
  (80,9),
  (58,9),
  (59,9),
  (47,10),
  (45,11),
  (61,12),
  (70,13),
  (1,14),
  (21,14),
  (22,14),
  (30,15),
  (12,15),
  (13,15),
  (14,15),
  (78,15),
  (27,16),
  (33,17),
  (38,18),
  (30,18),
  (14,18),
  (79,19),
  (37,19),
  (21,19),
  (22,19),
  (69,19),
  (34,20);

INSERT INTO lesson_time_slot (date,time,duration,lesson_id)
VALUES
  ('May 9, 2024','7:43 AM',84,1),
  ('Sep 4, 2024','4:49 AM',178,2),
  ('May 12, 2024','7:49 AM',96,3),
  ('Jan 22, 2024','5:57 AM',168,4),
  ('Nov 22, 2024','11:41 PM',39,5),
  ('Aug 17, 2025','10:50 PM',104,6),
  ('Sep 23, 2025','7:49 AM',120,7),
  ('Jun 19, 2024','1:02 AM',53,8),
  ('Oct 20, 2024','11:19 PM',92,9),
  ('Feb 13, 2025','9:33 PM',149,10),
  ('Jun 10, 2025','9:08 AM',115,11),
  ('Jan 22, 2024','1:35 PM',138,12),
  ('Nov 21, 2024','7:02 PM',176,13),
  ('Feb 12, 2024','4:42 AM',133,14),
  ('Jul 24, 2024','11:49 PM',65,15),
  ('Nov 17, 2023','12:56 PM',133,16),
  ('Apr 22, 2025','4:10 PM',134,17),
  ('Feb 17, 2025','11:30 AM',99,18),
  ('Jan 15, 2024','4:02 AM',155,19),
  ('Dec 2, 2023','11:20 AM',31,20);

INSERT INTO individual_lesson (lesson_id,instrument_type)
VALUES
  (1,'ocarina'),
  (4,'bagpipe'),
  (5,'drums'),
  (6,'ocarina'),
  (8,'violin'),
  (10,'piano'),
  (11,'ocarina'),
  (12,'guitar'),
  (13,'guitar'),
  (16,'ocarina'),
  (17,'guitar'),
  (20,'drums');

INSERT INTO group_lesson (lesson_id,min_students,max_students,instrument_type)
VALUES
  (2,2,8,'piano'),
  (9,3,8,'violin'),
  (14,3,8,'drums'),
  (18,2,8,'bagpipe');

INSERT INTO ensemble (genre,min_students,max_students,lesson_id)
VALUES
  ('gospel, techo',5,10,3),
  ('classical, country',4,10,7),
  ('hip hop',4,10,15),
  ('rock, jazz, edm',5,10,19);